{
  "MAE": 0.19644422656628496,
  "MSE": 0.055486826625576566,
  "R2": 0.9244733467835893
}